Wolf Creek Weater Station,"48°45'23.2""N 124°22'21.4""W",,Elevation: 495m,,,,,,
"Date Time, GMT-07:00",Tip Count (0.2mm),,Value,Row Count in 24 hr window, 24 hr Precip Sum (mm),"Event total (If multi-day total, adjust here)","If multi-day event, hours total",Exact storm duration/ other notes,Hourly Rate (mm/hr) ... notably an averaged rate
07/17/23 3:30:00 PM,0,,1,1,n/a,n/a,n/a,MANUAL TIP FROM INSTALL on JULY 17 2023,n/a
07/24/23 1:26:16 AM,1,NEW 24 hr period,1,186,37.2,48.6mm,35.5 hrs,"1 day, 11 hours, 27 minutes and 35 seconds",1.4mm/hr
07/24/23 2:08:19 AM,2,,1,,,,,,
07/24/23 4:20:31 AM,3,,1,,,,,,
07/24/23 5:23:34 AM,4,,1,,,,,,
07/24/23 5:33:23 AM,5,,1,,,,,,
07/24/23 5:56:09 AM,6,,1,,,,,,
07/24/23 8:29:10 AM,7,,1,,,,,,
07/24/23 8:48:40 AM,8,,1,,,,,,
07/24/23 8:59:23 AM,9,,1,,,,,,
07/24/23 9:14:06 AM,10,,1,,,,,,
07/24/23 9:20:32 AM,11,,1,,,,,,
07/24/23 9:33:19 AM,12,,1,,,,,,
07/24/23 9:37:07 AM,13,,1,,,,,,
07/24/23 9:51:18 AM,14,,1,,,,,,
07/24/23 9:51:19 AM,15,,1,,,,,,
07/24/23 9:59:07 AM,16,,1,,,,,,
07/24/23 10:10:31 AM,17,,1,,,,,,
07/24/23 10:22:44 AM,18,,1,,,,,,
07/24/23 10:51:36 AM,19,,1,,,,,,
07/24/23 11:07:54 AM,20,,1,,,,,,
07/24/23 11:14:20 AM,21,,1,,,,,,
07/24/23 11:15:33 AM,22,,1,,,,,,
07/24/23 11:17:09 AM,23,,1,,,,,,
07/24/23 11:18:49 AM,24,,1,,,,,,
07/24/23 11:20:48 AM,25,,1,,,,,,
07/24/23 11:20:49 AM,26,,1,,,,,,
07/24/23 11:22:33 AM,27,,1,,,,,,
07/24/23 11:24:55 AM,28,,1,,,,,,
07/24/23 11:27:17 AM,29,,1,,,,,,
07/24/23 11:29:50 AM,30,,1,,,,,,
07/24/23 11:31:55 AM,31,,1,,,,,,
07/24/23 11:34:35 AM,32,,1,,,,,,
07/24/23 11:37:33 AM,33,,1,,,,,,
07/24/23 11:51:43 AM,34,,1,,,,,,
07/24/23 11:51:44 AM,35,,1,,,,,,
07/24/23 11:54:15 AM,36,,1,,,,,,
07/24/23 11:57:47 AM,37,,1,,,,,,
07/24/23 12:01:07 PM,38,,1,,,,,,
07/24/23 12:05:20 PM,39,,1,,,,,,
07/24/23 12:07:20 PM,40,,1,,,,,,
07/24/23 12:09:11 PM,41,,1,,,,,,
07/24/23 12:10:41 PM,42,,1,,,,,,
07/24/23 12:12:44 PM,43,,1,,,,,,
07/24/23 12:14:41 PM,44,,1,,,,,,
07/24/23 12:18:30 PM,45,,1,,,,,,
07/24/23 12:21:55 PM,46,,1,,,,,,
07/24/23 12:26:13 PM,47,,1,,,,,,
07/24/23 12:26:14 PM,48,,1,,,,,,
07/24/23 12:28:09 PM,49,,1,,,,,,
07/24/23 12:29:41 PM,50,,1,,,,,,
07/24/23 12:29:42 PM,51,,1,,,,,,
07/24/23 12:31:21 PM,52,,1,,,,,,
07/24/23 12:33:20 PM,53,,1,,,,,,
07/24/23 12:35:06 PM,54,,1,,,,,,
07/24/23 12:37:28 PM,55,,1,,,,,,
07/24/23 12:37:29 PM,56,,1,,,,,,
07/24/23 12:38:51 PM,57,,1,,,,,,
07/24/23 12:40:19 PM,58,,1,,,,,,
07/24/23 12:41:55 PM,59,,1,,,,,,
07/24/23 12:43:29 PM,60,,1,,,,,,
07/24/23 12:45:18 PM,61,,1,,,,,,
07/24/23 12:47:18 PM,62,,1,,,,,,
07/24/23 12:47:19 PM,63,,1,,,,,,
07/24/23 12:49:14 PM,64,,1,,,,,,
07/24/23 12:51:39 PM,65,,1,,,,,,
07/24/23 12:53:41 PM,66,,1,,,,,,
07/24/23 12:55:04 PM,67,,1,,,,,,
07/24/23 12:56:40 PM,68,,1,,,,,,
07/24/23 12:58:14 PM,69,,1,,,,,,
07/24/23 12:59:28 PM,70,,1,,,,,,
07/24/23 1:00:39 PM,71,,1,,,,,,
07/24/23 1:01:42 PM,72,,1,,,,,,
07/24/23 1:03:09 PM,73,,1,,,,,,
07/24/23 1:03:54 PM,74,,1,,,,,,
07/24/23 1:04:38 PM,75,,1,,,,,,
07/24/23 1:05:09 PM,76,,1,,,,,,
07/24/23 1:06:03 PM,77,,1,,,,,,
07/24/23 1:06:55 PM,78,,1,,,,,,
07/24/23 1:07:45 PM,79,,1,,,,,,
07/24/23 1:08:40 PM,80,,1,,,,,,
07/24/23 1:10:19 PM,81,,1,,,,,,
07/24/23 1:11:36 PM,82,,1,,,,,,
07/24/23 1:13:06 PM,83,,1,,,,,,
07/24/23 1:13:07 PM,84,,1,,,,,,
07/24/23 1:14:25 PM,85,,1,,,,,,
07/24/23 1:16:00 PM,86,,1,,,,,,
07/24/23 1:17:16 PM,87,,1,,,,,,
07/24/23 1:18:46 PM,88,,1,,,,,,
07/24/23 1:20:01 PM,89,,1,,,,,,
07/24/23 1:22:04 PM,90,,1,,,,,,
07/24/23 1:22:05 PM,91,,1,,,,,,
07/24/23 1:24:56 PM,92,,1,,,,,,
07/24/23 1:26:54 PM,93,,1,,,,,,
07/24/23 1:28:24 PM,94,,1,,,,,,
07/24/23 1:30:06 PM,95,,1,,,,,,
07/24/23 1:31:28 PM,96,,1,,,,,,
07/24/23 1:34:25 PM,97,,1,,,,,,
07/24/23 1:37:52 PM,98,,1,,,,,,
07/24/23 1:47:01 PM,99,,1,,,,,,
07/24/23 1:54:35 PM,100,,1,,,,,,
07/24/23 2:05:43 PM,101,,1,,,,,,
07/24/23 2:10:27 PM,102,,1,,,,,,
07/24/23 2:12:21 PM,103,,1,,,,,,
07/24/23 2:14:06 PM,104,,1,,,,,,
07/24/23 2:16:14 PM,105,,1,,,,,,
07/24/23 2:17:15 PM,106,,1,,,,,,
07/24/23 2:18:19 PM,107,,1,,,,,,
07/24/23 2:19:30 PM,108,,1,,,,,,
07/24/23 2:20:59 PM,109,,1,,,,,,
07/24/23 2:22:25 PM,110,,1,,,,,,
07/24/23 2:25:34 PM,111,,1,,,,,,
07/24/23 2:27:08 PM,112,,1,,,,,,
07/24/23 2:28:33 PM,113,,1,,,,,,
07/24/23 2:29:48 PM,114,,1,,,,,,
07/24/23 2:31:49 PM,115,,1,,,,,,
07/24/23 2:33:33 PM,116,,1,,,,,,
07/24/23 2:35:35 PM,117,,1,,,,,,
07/24/23 2:37:02 PM,118,,1,,,,,,
07/24/23 2:38:43 PM,119,,1,,,,,,
07/24/23 2:38:44 PM,120,,1,,,,,,
07/24/23 2:39:51 PM,121,,1,,,,,,
07/24/23 2:41:54 PM,122,,1,,,,,,
07/24/23 2:43:52 PM,123,,1,,,,,,
07/24/23 2:45:34 PM,124,,1,,,,,,
07/24/23 2:46:51 PM,125,,1,,,,,,
07/24/23 2:48:40 PM,126,,1,,,,,,
07/24/23 2:49:52 PM,127,,1,,,,,,
07/24/23 2:51:12 PM,128,,1,,,,,,
07/24/23 2:52:04 PM,129,,1,,,,,,
07/24/23 2:53:22 PM,130,,1,,,,,,
07/24/23 2:54:55 PM,131,,1,,,,,,
07/24/23 2:56:54 PM,132,,1,,,,,,
07/24/23 2:58:33 PM,133,,1,,,,,,
07/24/23 3:01:10 PM,134,,1,,,,,,
07/24/23 3:02:35 PM,135,,1,,,,,,
07/24/23 3:05:10 PM,136,,1,,,,,,
07/24/23 3:06:18 PM,137,,1,,,,,,
07/24/23 3:07:27 PM,138,,1,,,,,,
07/24/23 3:07:28 PM,139,,1,,,,,,
07/24/23 3:08:21 PM,140,,1,,,,,,
07/24/23 3:09:52 PM,141,,1,,,,,,
07/24/23 3:10:58 PM,142,,1,,,,,,
07/24/23 3:11:55 PM,143,,1,,,,,,
07/24/23 3:12:36 PM,144,,1,,,,,,
07/24/23 3:13:34 PM,145,,1,,,,,,
07/24/23 3:14:12 PM,146,,1,,,,,,
07/24/23 3:14:40 PM,147,,1,,,,,,
07/24/23 3:14:56 PM,148,,1,,,,,,
07/24/23 3:15:13 PM,149,,1,,,,,,
07/24/23 3:15:29 PM,150,,1,,,,,,
07/24/23 3:16:34 PM,151,,1,,,,,,
07/24/23 3:16:35 PM,152,,1,,,,,,
07/24/23 3:17:51 PM,153,,1,,,,,,
07/24/23 3:19:35 PM,154,,1,,,,,,
07/24/23 3:20:54 PM,155,,1,,,,,,
07/24/23 3:21:58 PM,156,,1,,,,,,
07/24/23 3:21:59 PM,157,,1,,,,,,
07/24/23 3:22:49 PM,158,,1,,,,,,
07/24/23 3:24:41 PM,159,,1,,,,,,
07/24/23 3:25:51 PM,160,,1,,,,,,
07/24/23 3:27:05 PM,161,,1,,,,,,
07/24/23 3:27:06 PM,162,,1,,,,,,
07/24/23 3:27:51 PM,163,,1,,,,,,
07/24/23 3:29:07 PM,164,,1,,,,,,
07/24/23 3:30:02 PM,165,,1,,,,,,
07/24/23 3:32:58 PM,166,,1,,,,,,
07/24/23 3:38:41 PM,167,,1,,,,,,
07/24/23 3:39:00 PM,168,,1,,,,,,
07/24/23 3:39:01 PM,169,,1,,,,,,
07/24/23 3:39:20 PM,170,,1,,,,,,
07/24/23 3:39:49 PM,171,,1,,,,,,
07/24/23 3:39:50 PM,172,,1,,,,,,
07/24/23 3:40:14 PM,173,,1,,,,,,
07/24/23 3:41:03 PM,174,,1,,,,,,
07/24/23 3:42:39 PM,175,,1,,,,,,
07/24/23 3:48:16 PM,176,,1,,,,,,
07/24/23 3:52:15 PM,177,,1,,,,,,
07/24/23 3:57:08 PM,178,,1,,,,,,
07/24/23 4:01:22 PM,179,,1,,,,,,
07/24/23 4:15:25 PM,180,,1,,,,,,
07/24/23 5:02:22 PM,181,,1,,,,,,
07/24/23 10:03:41 PM,182,,1,,,,,,
07/24/23 10:35:04 PM,183,,1,,,,,,
07/24/23 11:51:09 PM,184,,1,,,,,,
07/25/23 12:31:54 AM,185,End of 24 hr period,1,,,,,,
07/25/23 1:32:14 AM,186,NEW 24 hr period,1,57,11.4,,,,
07/25/23 1:37:14 AM,187,,1,,,,,,
07/25/23 2:12:26 AM,188,,1,,,,,,
07/25/23 2:12:27 AM,189,,1,,,,,,
07/25/23 2:29:40 AM,190,,1,,,,,,
07/25/23 2:36:21 AM,191,,1,,,,,,
07/25/23 2:37:53 AM,192,,1,,,,,,
07/25/23 2:40:38 AM,193,,1,,,,,,
07/25/23 2:43:15 AM,194,,1,,,,,,
07/25/23 2:46:36 AM,195,,1,,,,,,
07/25/23 2:48:38 AM,196,,1,,,,,,
07/25/23 2:52:27 AM,197,,1,,,,,,
07/25/23 2:52:28 AM,198,,1,,,,,,
07/25/23 2:54:32 AM,199,,1,,,,,,
07/25/23 3:00:44 AM,200,,1,,,,,,
07/25/23 3:12:56 AM,201,,1,,,,,,
07/25/23 3:37:36 AM,202,,1,,,,,,
07/25/23 3:37:37 AM,203,,1,,,,,,
07/25/23 3:44:51 AM,204,,1,,,,,,
07/25/23 3:57:43 AM,205,,1,,,,,,
07/25/23 4:00:29 AM,206,,1,,,,,,
07/25/23 4:45:10 AM,207,,1,,,,,,
07/25/23 4:48:06 AM,208,,1,,,,,,
07/25/23 4:50:59 AM,209,,1,,,,,,
07/25/23 4:55:51 AM,210,,1,,,,,,
07/25/23 5:18:44 AM,211,,1,,,,,,
07/25/23 5:26:56 AM,212,,1,,,,,,
07/25/23 5:29:56 AM,213,,1,,,,,,
07/25/23 5:32:26 AM,214,,1,,,,,,
07/25/23 5:40:01 AM,215,,1,,,,,,
07/25/23 5:40:02 AM,216,,1,,,,,,
07/25/23 6:03:39 AM,217,,1,,,,,,
07/25/23 6:21:25 AM,218,,1,,,,,,
07/25/23 6:28:02 AM,219,,1,,,,,,
07/25/23 6:44:00 AM,220,,1,,,,,,
07/25/23 6:48:11 AM,221,,1,,,,,,
07/25/23 6:54:16 AM,222,,1,,,,,,
07/25/23 6:59:45 AM,223,,1,,,,,,
07/25/23 7:05:38 AM,224,,1,,,,,,
07/25/23 7:07:35 AM,225,,1,,,,,,
07/25/23 7:10:08 AM,226,,1,,,,,,
07/25/23 7:11:53 AM,227,,1,,,,,,
07/25/23 7:14:13 AM,228,,1,,,,,,
07/25/23 7:16:51 AM,229,,1,,,,,,
07/25/23 7:20:18 AM,230,,1,,,,,,
07/25/23 7:29:49 AM,231,,1,,,,,,
07/25/23 8:06:45 AM,232,,1,,,,,,
07/25/23 8:21:19 AM,233,,1,,,,,,
07/25/23 8:34:07 AM,234,,1,,,,,,
07/25/23 8:47:21 AM,235,,1,,,,,,
07/25/23 8:51:17 AM,236,,1,,,,,,
07/25/23 8:53:10 AM,237,,1,,,,,,
07/25/23 10:58:08 AM,238,,1,,,,,,
07/25/23 11:02:29 AM,239,,1,,,,,,
07/25/23 11:05:38 AM,240,,1,,,,,,
07/25/23 11:07:30 AM,241,,1,,,,,,
07/25/23 12:53:51 PM,242,End of 24 hr period,1,,,,,,
08/08/23 6:51:22 PM,243,NEW 24 hr period,1,65,13,13mm,17.5 hrs,"17 hours, 27 minutes and 26 seconds",0.74mm/hr
08/08/23 7:03:45 PM,244,,1,,,,,,
08/08/23 7:16:31 PM,245,,1,,,,,,
08/08/23 7:37:14 PM,246,,1,,,,,,
08/08/23 7:49:13 PM,247,,1,,,,,,
08/08/23 8:24:17 PM,248,,1,,,,,,
08/08/23 8:37:46 PM,249,,1,,,,,,
08/08/23 8:58:40 PM,250,,1,,,,,,
08/08/23 9:08:08 PM,251,,1,,,,,,
08/08/23 9:28:41 PM,252,,1,,,,,,
08/08/23 9:38:15 PM,253,,1,,,,,,
08/08/23 9:47:37 PM,254,,1,,,,,,
08/08/23 9:51:46 PM,255,,1,,,,,,
08/08/23 9:59:24 PM,256,,1,,,,,,
08/08/23 10:08:55 PM,257,,1,,,,,,
08/08/23 10:24:28 PM,258,,1,,,,,,
08/08/23 10:38:24 PM,259,,1,,,,,,
08/08/23 10:59:23 PM,260,,1,,,,,,
08/08/23 11:20:55 PM,261,,1,,,,,,
08/08/23 11:28:14 PM,262,,1,,,,,,
08/08/23 11:34:24 PM,263,,1,,,,,,
08/08/23 11:57:11 PM,264,,1,,,,,,
08/09/23 12:17:15 AM,265,,1,,,,,,
08/09/23 12:31:43 AM,266,,1,,,,,,
08/09/23 12:46:46 AM,267,,1,,,,,,
08/09/23 1:02:19 AM,268,,1,,,,,,
08/09/23 1:05:50 AM,269,,1,,,,,,
08/09/23 1:11:34 AM,270,,1,,,,,,
08/09/23 1:15:41 AM,271,,1,,,,,,
08/09/23 1:20:15 AM,272,,1,,,,,,
08/09/23 1:22:50 AM,273,,1,,,,,,
08/09/23 1:31:09 AM,274,,1,,,,,,
08/09/23 1:47:04 AM,275,,1,,,,,,
08/09/23 2:11:23 AM,276,,1,,,,,,
08/09/23 2:20:35 AM,277,,1,,,,,,
08/09/23 2:24:33 AM,278,,1,,,,,,
08/09/23 2:33:36 AM,279,,1,,,,,,
08/09/23 2:41:13 AM,280,,1,,,,,,
08/09/23 2:45:32 AM,281,,1,,,,,,
08/09/23 2:50:50 AM,282,,1,,,,,,
08/09/23 2:53:59 AM,283,,1,,,,,,
08/09/23 2:59:34 AM,284,,1,,,,,,
08/09/23 3:02:30 AM,285,,1,,,,,,
08/09/23 3:05:33 AM,286,,1,,,,,,
08/09/23 3:07:30 AM,287,,1,,,,,,
08/09/23 3:09:41 AM,288,,1,,,,,,
08/09/23 3:11:35 AM,289,,1,,,,,,
08/09/23 3:14:42 AM,290,,1,,,,,,
08/09/23 3:17:59 AM,291,,1,,,,,,
08/09/23 3:21:38 AM,292,,1,,,,,,
08/09/23 3:24:48 AM,293,,1,,,,,,
08/09/23 3:29:41 AM,294,,1,,,,,,
08/09/23 3:33:52 AM,295,,1,,,,,,
08/09/23 3:43:32 AM,296,,1,,,,,,
08/09/23 3:47:33 AM,297,,1,,,,,,
08/09/23 3:57:21 AM,298,,1,,,,,,
08/09/23 4:06:29 AM,299,,1,,,,,,
08/09/23 6:17:43 AM,300,,1,,,,,,
08/09/23 7:32:56 AM,301,,1,,,,,,
08/09/23 9:58:43 AM,302,,1,,,,,,
08/09/23 10:24:20 AM,303,,1,,,,,,
08/09/23 10:28:34 AM,304,,1,,,,,,
08/09/23 10:31:13 AM,305,,1,,,,,,
08/09/23 12:13:01 PM,306,,1,,,,,,
08/09/23 12:18:48 PM,307,End of 24 hr period,1,,,,,,
08/25/23 3:41:01 PM,308,NEW 24 hr period,1,5,1,1mm,3 hrs,TRACE PRECIP,0.3mm/hr
08/25/23 3:46:56 PM,309,,1,,,,,,
08/25/23 3:57:37 PM,310,,1,,,,,,
08/25/23 4:55:10 PM,311,,1,,,,,,
08/26/23 6:35:40 AM,312,End of 24 hr period,1,,,,,,
08/28/23 1:48:24 PM,313,NEW 24 hr period,1,3,0.6,0.6mm,2 hrs,TRACE PRECIP,0.3mm/hr
08/28/23 2:52:01 PM,314,,1,,,,,,
08/28/23 2:52:39 PM,315,End of 24 hr period,1,,,,,,
08/30/23 7:47:44 PM,316,NEW 24 hr period,1,27,5.4,5.4mm,11 hrs,"10 hours, 49 minutes and 16 seconds",0.5mm/hr
08/30/23 8:17:26 PM,317,,1,,,,,,
08/30/23 8:40:07 PM,318,,1,,,,,,
08/30/23 8:52:03 PM,319,,1,,,,,,
08/30/23 9:08:54 PM,320,,1,,,,,,
08/30/23 9:26:26 PM,321,,1,,,,,,
08/30/23 9:49:09 PM,322,,1,,,,,,
08/30/23 10:06:25 PM,323,,1,,,,,,
08/30/23 10:28:09 PM,324,,1,,,,,,
08/30/23 10:36:46 PM,325,,1,,,,,,
08/30/23 10:49:25 PM,326,,1,,,,,,
08/30/23 11:13:55 PM,327,,1,,,,,,
08/30/23 11:57:54 PM,328,,1,,,,,,
08/31/23 12:12:04 AM,329,,1,,,,,,
08/31/23 2:30:11 AM,330,,1,,,,,,
08/31/23 2:55:26 AM,331,,1,,,,,,
08/31/23 3:04:38 AM,332,,1,,,,,,
08/31/23 3:32:00 AM,333,,1,,,,,,
08/31/23 3:51:27 AM,334,,1,,,,,,
08/31/23 4:22:33 AM,335,,1,,,,,,
08/31/23 4:43:41 AM,336,,1,,,,,,
08/31/23 5:02:18 AM,337,,1,,,,,,
08/31/23 5:24:58 AM,338,,1,,,,,,
08/31/23 5:41:05 AM,339,,1,,,,,,
08/31/23 6:06:08 AM,340,,1,,,,,,
08/31/23 6:17:21 AM,341,,1,,,,,,
08/31/23 6:37:02 AM,342,End of 24 hr period,1,,,,,,
09/01/23 11:09:03 AM,343,End/ NEW 24 hr period,1,1,0.2,0.2mm,<1hr,TRACE PRECIP,
09/03/23 12:29:56 PM,344,NEW 24 hr period,1,4,0.8,0.8mm,<1hr,TRACE PRECIP,
09/03/23 12:31:24 PM,345,,1,,,,,,
09/03/23 12:39:35 PM,346,,1,,,,,,
09/03/23 1:07:51 PM,347,End of 24 hr period,1,,,,,,
09/06/23 4:30:09 AM,348,NEW 24 hr period,1,2,0.4,0.4mm,1hr,TRACE PRECIP,
09/06/23 5:33:21 AM,349,End of 24 hr period,1,,,,,,
09/10/23 6:42:08 PM,350,NEW 24 hr period,1,14,2.8,2.8mm,20 hrs,"20 hours, 5 minutes and 30 seconds",0.14mm/hr
09/10/23 7:11:30 PM,351,,1,,,,,,
09/10/23 7:30:46 PM,352,,1,,,,,,
09/10/23 7:51:07 PM,353,,1,,,,,,
09/10/23 8:06:01 PM,354,,1,,,,,,
09/10/23 8:22:15 PM,355,,1,,,,,,
09/10/23 8:31:32 PM,356,,1,,,,,,
09/10/23 9:12:43 PM,357,,1,,,,,,
09/10/23 10:47:19 PM,358,,1,,,,,,
09/10/23 10:55:54 PM,359,,1,,,,,,
09/10/23 11:22:08 PM,360,,1,,,,,,
09/11/23 12:14:07 AM,361,,1,,,,,,
09/11/23 1:33:36 AM,362,,1,,,,,,
09/11/23 2:47:38 AM,363,End of 24 hr period,1,,,,,,
09/12/23 5:47:55 AM,364,NEW 24 hr period,1,24,4.8,4.8mm,12 hrs,"12 hours, 9 minutes and 13 seconds",0.4mm/hr
09/12/23 6:19:36 AM,365,,1,,,,,,
09/12/23 6:43:07 AM,366,,1,,,,,,
09/12/23 7:59:04 AM,367,,1,,,,,,
09/12/23 8:29:17 AM,368,,1,,,,,,
09/12/23 8:45:42 AM,369,,1,,,,,,
09/12/23 9:08:38 AM,370,,1,,,,,,
09/12/23 9:22:13 AM,371,,1,,,,,,
09/12/23 9:34:23 AM,372,,1,,,,,,
09/12/23 9:50:31 AM,373,,1,,,,,,
09/12/23 10:04:59 AM,374,,1,,,,,,
09/12/23 10:11:24 AM,375,,1,,,,,,
09/12/23 10:30:08 AM,376,,1,,,,,,
09/12/23 10:57:02 AM,377,,1,,,,,,
09/12/23 11:54:46 AM,378,,1,,,,,,
09/12/23 1:04:57 PM,379,,1,,,,,,
09/12/23 1:18:15 PM,380,,1,,,,,,
09/12/23 2:02:40 PM,381,,1,,,,,,
09/12/23 2:35:22 PM,382,,1,,,,,,
09/12/23 4:00:27 PM,383,,1,,,,,,
09/12/23 4:46:41 PM,384,,1,,,,,,
09/12/23 5:07:22 PM,385,,1,,,,,,
09/12/23 5:16:37 PM,386,,1,,,,,,
09/12/23 5:57:08 PM,387,End of 24 hr period,1,,,,,,
09/13/23 7:49:51 AM,388,End/ NEW 24 hr per,1,1,,0.2mm,<1hr,TRACE PRECIP,
09/17/23 3:16:08 PM,389,NEW 24 hr period,1,44,8.8,8.8mm,24 hrs," 23 hours, 46 minutes and 53 seconds",0.4mm/hr
09/17/23 3:59:48 PM,390,,1,,,,,,
09/17/23 4:10:39 PM,391,,1,,,,,,
09/17/23 4:24:07 PM,392,,1,,,,,,
09/17/23 4:31:21 PM,393,,1,,,,,,
09/17/23 4:45:21 PM,394,,1,,,,,,
09/17/23 5:00:01 PM,395,,1,,,,,,
09/17/23 5:09:22 PM,396,,1,,,,,,
09/17/23 5:40:44 PM,397,,1,,,,,,
09/17/23 6:42:10 PM,398,,1,,,,,,
09/17/23 6:45:50 PM,399,,1,,,,,,
09/17/23 6:51:27 PM,400,,1,,,,,,
09/17/23 6:57:04 PM,401,,1,,,,,,
09/17/23 7:09:14 PM,402,,1,,,,,,
09/17/23 7:21:33 PM,403,,1,,,,,,
09/17/23 7:25:29 PM,404,,1,,,,,,
09/17/23 7:27:52 PM,405,,1,,,,,,
09/17/23 7:31:02 PM,406,,1,,,,,,
09/17/23 7:37:52 PM,407,,1,,,,,,
09/17/23 7:51:19 PM,408,,1,,,,,,
09/17/23 8:00:39 PM,409,,1,,,,,,
09/17/23 8:18:08 PM,410,,1,,,,,,
09/17/23 8:32:07 PM,411,,1,,,,,,
09/17/23 8:49:04 PM,412,,1,,,,,,
09/17/23 9:00:22 PM,413,,1,,,,,,
09/17/23 9:05:34 PM,414,,1,,,,,,
09/17/23 9:14:29 PM,415,,1,,,,,,
09/17/23 9:31:43 PM,416,,1,,,,,,
09/17/23 9:37:09 PM,417,,1,,,,,,
09/17/23 9:43:15 PM,418,,1,,,,,,
09/17/23 9:48:38 PM,419,,1,,,,,,
09/17/23 9:56:04 PM,420,,1,,,,,,
09/17/23 10:03:23 PM,421,,1,,,,,,
09/17/23 10:15:39 PM,422,,1,,,,,,
09/17/23 10:21:11 PM,423,,1,,,,,,
09/17/23 10:24:42 PM,424,,1,,,,,,
09/17/23 10:29:02 PM,425,,1,,,,,,
09/17/23 10:33:05 PM,426,,1,,,,,,
09/17/23 10:38:03 PM,427,,1,,,,,,
09/17/23 10:54:57 PM,428,,1,,,,,,
09/17/23 11:04:45 PM,429,,1,,,,,,
09/17/23 11:14:26 PM,430,,1,,,,,,
09/18/23 1:00:04 AM,431,,1,,,,,,
09/18/23 3:03:01 PM,432,End of 24 hr period,1,,,,,,
09/19/23 2:10:25 PM,433,NEW 24 hr period,1,17,3.4,3.4mm,19 hrs,"18 hours, 58 minutes and 48 seconds",0.17mm/hr
09/19/23 2:23:05 PM,434,,1,,,,,,
09/19/23 2:28:08 PM,435,,1,,,,,,
09/19/23 2:36:23 PM,436,,1,,,,,,
09/19/23 2:47:51 PM,437,,1,,,,,,
09/19/23 2:59:13 PM,438,,1,,,,,,
09/19/23 3:10:14 PM,439,,1,,,,,,
09/19/23 3:23:57 PM,440,,1,,,,,,
09/19/23 3:48:59 PM,441,,1,,,,,,
09/19/23 3:54:17 PM,442,,1,,,,,,
09/19/23 3:58:55 PM,443,,1,,,,,,
09/19/23 4:01:40 PM,444,,1,,,,,,
09/19/23 4:06:39 PM,445,,1,,,,,,
09/19/23 4:11:04 PM,446,,1,,,,,,
09/19/23 4:13:16 PM,447,,1,,,,,,
09/19/23 4:20:09 PM,448,,1,,,,,,
09/20/23 9:09:13 AM,449,End of 24 hr period,1,,,,,,
09/23/23 9:15:03 AM,450,NEW 24 hr period,1,51,10.2,10.2mm,4 hrs,"4 hours, 2 minutes and 52 seconds",2.55mm/hr
09/23/23 9:26:20 AM,451,,1,,,,,,
09/23/23 9:35:58 AM,452,,1,,,,,,
09/23/23 9:40:30 AM,453,,1,,,,,,
09/23/23 9:43:53 AM,454,,1,,,,,,
09/23/23 9:49:06 AM,455,,1,,,,,,
09/23/23 10:00:35 AM,456,,1,,,,,,
09/23/23 10:04:53 AM,457,,1,,,,,,
09/23/23 10:09:11 AM,458,,1,,,,,,
09/23/23 10:10:56 AM,459,,1,,,,,,
09/23/23 10:12:38 AM,460,,1,,,,,,
09/23/23 10:13:49 AM,461,,1,,,,,,
09/23/23 10:14:38 AM,462,,1,,,,,,
09/23/23 10:17:34 AM,463,,1,,,,,,
09/23/23 10:22:22 AM,464,,1,,,,,,
09/23/23 10:26:54 AM,465,,1,,,,,,
09/23/23 10:30:46 AM,466,,1,,,,,,
09/23/23 10:34:57 AM,467,,1,,,,,,
09/23/23 10:42:34 AM,468,,1,,,,,,
09/23/23 10:50:32 AM,469,,1,,,,,,
09/23/23 10:54:03 AM,470,,1,,,,,,
09/23/23 10:55:44 AM,471,,1,,,,,,
09/23/23 10:56:47 AM,472,,1,,,,,,
09/23/23 10:57:42 AM,473,,1,,,,,,
09/23/23 10:59:31 AM,474,,1,,,,,,
09/23/23 11:00:58 AM,475,,1,,,,,,
09/23/23 11:02:58 AM,476,,1,,,,,,
09/23/23 11:06:24 AM,477,,1,,,,,,
09/23/23 11:09:01 AM,478,,1,,,,,,
09/23/23 11:11:16 AM,479,,1,,,,,,
09/23/23 11:13:12 AM,480,,1,,,,,,
09/23/23 11:16:10 AM,481,,1,,,,,,
09/23/23 11:22:06 AM,482,,1,,,,,,
09/23/23 11:28:53 AM,483,,1,,,,,,
09/23/23 11:39:32 AM,484,,1,,,,,,
09/23/23 11:43:39 AM,485,,1,,,,,,
09/23/23 11:49:27 AM,486,,1,,,,,,
09/23/23 11:53:41 AM,487,,1,,,,,,
09/23/23 11:58:27 AM,488,,1,,,,,,
09/23/23 12:01:57 PM,489,,1,,,,,,
09/23/23 12:05:47 PM,490,,1,,,,,,
09/23/23 12:09:24 PM,491,,1,,,,,,
09/23/23 12:11:41 PM,492,,1,,,,,,
09/23/23 12:13:49 PM,493,,1,,,,,,
09/23/23 12:16:54 PM,494,,1,,,,,,
09/23/23 12:22:18 PM,495,,1,,,,,,
09/23/23 12:28:40 PM,496,,1,,,,,,
09/23/23 12:34:06 PM,497,,1,,,,,,
09/23/23 12:53:39 PM,498,,1,,,,,,
09/23/23 1:03:22 PM,499,,1,,,,,,
09/23/23 1:17:55 PM,500,End of 24 hr period,1,,,,,,
09/24/23 3:33:56 PM,501,NEW 24 hr period,1,182,36.4,78.2mm,93.5 hrs,"3 days, 21 hours, 41 minutes and 2 seconds",0.83mm/hr
09/24/23 4:30:47 PM,502,,1,,,,,,
09/24/23 4:59:51 PM,503,,1,,,,,,
09/24/23 5:23:13 PM,504,,1,,,,,,
09/24/23 5:42:55 PM,505,,1,,,,,,
09/24/23 6:19:31 PM,506,,1,,,,,,
09/24/23 6:28:40 PM,507,,1,,,,,,
09/24/23 6:38:10 PM,508,,1,,,,,,
09/24/23 6:43:18 PM,509,,1,,,,,,
09/24/23 6:47:51 PM,510,,1,,,,,,
09/24/23 6:51:31 PM,511,,1,,,,,,
09/24/23 6:55:05 PM,512,,1,,,,,,
09/24/23 6:58:21 PM,513,,1,,,,,,
09/24/23 7:01:22 PM,514,,1,,,,,,
09/24/23 7:04:19 PM,515,,1,,,,,,
09/24/23 7:07:40 PM,516,,1,,,,,,
09/24/23 7:11:00 PM,517,,1,,,,,,
09/24/23 7:14:49 PM,518,,1,,,,,,
09/24/23 7:18:27 PM,519,,1,,,,,,
09/24/23 7:21:33 PM,520,,1,,,,,,
09/24/23 7:23:34 PM,521,,1,,,,,,
09/24/23 7:26:05 PM,522,,1,,,,,,
09/24/23 7:28:12 PM,523,,1,,,,,,
09/24/23 7:31:36 PM,524,,1,,,,,,
09/24/23 7:34:27 PM,525,,1,,,,,,
09/24/23 7:37:21 PM,526,,1,,,,,,
09/24/23 7:39:07 PM,527,,1,,,,,,
09/24/23 7:41:09 PM,528,,1,,,,,,
09/24/23 7:43:06 PM,529,,1,,,,,,
09/24/23 7:46:56 PM,530,,1,,,,,,
09/24/23 7:50:50 PM,531,,1,,,,,,
09/24/23 7:54:01 PM,532,,1,,,,,,
09/24/23 7:59:30 PM,533,,1,,,,,,
09/24/23 8:03:08 PM,534,,1,,,,,,
09/24/23 8:05:40 PM,535,,1,,,,,,
09/24/23 8:08:15 PM,536,,1,,,,,,
09/24/23 8:11:19 PM,537,,1,,,,,,
09/24/23 8:15:00 PM,538,,1,,,,,,
09/24/23 8:18:22 PM,539,,1,,,,,,
09/24/23 8:21:16 PM,540,,1,,,,,,
09/24/23 8:25:42 PM,541,,1,,,,,,
09/24/23 8:31:18 PM,542,,1,,,,,,
09/24/23 8:34:48 PM,543,,1,,,,,,
09/24/23 8:38:25 PM,544,,1,,,,,,
09/24/23 8:41:55 PM,545,,1,,,,,,
09/24/23 8:45:15 PM,546,,1,,,,,,
09/24/23 8:47:37 PM,547,,1,,,,,,
09/24/23 8:50:19 PM,548,,1,,,,,,
09/24/23 8:53:33 PM,549,,1,,,,,,
09/24/23 8:57:19 PM,550,,1,,,,,,
09/24/23 9:00:26 PM,551,,1,,,,,,
09/24/23 9:03:44 PM,552,,1,,,,,,
09/24/23 9:06:56 PM,553,,1,,,,,,
09/24/23 9:10:45 PM,554,,1,,,,,,
09/24/23 9:13:51 PM,555,,1,,,,,,
09/24/23 9:18:18 PM,556,,1,,,,,,
09/24/23 9:25:38 PM,557,,1,,,,,,
09/24/23 9:34:14 PM,558,,1,,,,,,
09/24/23 9:42:44 PM,559,,1,,,,,,
09/24/23 9:52:08 PM,560,,1,,,,,,
09/24/23 9:57:19 PM,561,,1,,,,,,
09/24/23 10:04:32 PM,562,,1,,,,,,
09/24/23 10:10:02 PM,563,,1,,,,,,
09/24/23 10:16:58 PM,564,,1,,,,,,
09/24/23 10:24:25 PM,565,,1,,,,,,
09/24/23 10:29:13 PM,566,,1,,,,,,
09/24/23 10:32:06 PM,567,,1,,,,,,
09/24/23 10:35:11 PM,568,,1,,,,,,
09/24/23 10:38:09 PM,569,,1,,,,,,
09/24/23 10:41:20 PM,570,,1,,,,,,
09/24/23 10:43:42 PM,571,,1,,,,,,
09/24/23 10:46:07 PM,572,,1,,,,,,
09/24/23 10:48:08 PM,573,,1,,,,,,
09/24/23 10:52:08 PM,574,,1,,,,,,
09/24/23 10:55:25 PM,575,,1,,,,,,
09/24/23 10:58:14 PM,576,,1,,,,,,
09/24/23 11:00:37 PM,577,,1,,,,,,
09/24/23 11:03:19 PM,578,,1,,,,,,
09/24/23 11:05:03 PM,579,,1,,,,,,
09/24/23 11:07:11 PM,580,,1,,,,,,
09/24/23 11:07:12 PM,581,,1,,,,,,
09/24/23 11:10:36 PM,582,,1,,,,,,
09/24/23 11:23:12 PM,583,,1,,,,,,
09/25/23 12:40:42 AM,584,,1,,,,,,
09/25/23 12:50:46 AM,585,,1,,,,,,
09/25/23 1:05:06 AM,586,,1,,,,,,
09/25/23 1:20:45 AM,587,,1,,,,,,
09/25/23 1:44:28 AM,588,,1,,,,,,
09/25/23 2:21:38 AM,589,,1,,,,,,
09/25/23 2:27:08 AM,590,,1,,,,,,
09/25/23 2:33:12 AM,591,,1,,,,,,
09/25/23 2:36:52 AM,592,,1,,,,,,
09/25/23 2:38:40 AM,593,,1,,,,,,
09/25/23 2:40:45 AM,594,,1,,,,,,
09/25/23 2:45:39 AM,595,,1,,,,,,
09/25/23 3:03:26 AM,596,,1,,,,,,
09/25/23 3:23:55 AM,597,,1,,,,,,
09/25/23 3:34:32 AM,598,,1,,,,,,
09/25/23 4:28:47 AM,599,,1,,,,,,
09/25/23 6:30:36 AM,600,,1,,,,,,
09/25/23 7:26:54 AM,601,,1,,,,,,
09/25/23 7:43:08 AM,602,,1,,,,,,
09/25/23 7:46:38 AM,603,,1,,,,,,
09/25/23 7:50:14 AM,604,,1,,,,,,
09/25/23 7:54:29 AM,605,,1,,,,,,
09/25/23 7:59:54 AM,606,,1,,,,,,
09/25/23 8:04:59 AM,607,,1,,,,,,
09/25/23 8:07:25 AM,608,,1,,,,,,
09/25/23 8:11:57 AM,609,,1,,,,,,
09/25/23 8:13:25 AM,610,,1,,,,,,
09/25/23 8:22:04 AM,611,,1,,,,,,
09/25/23 8:29:38 AM,612,,1,,,,,,
09/25/23 8:35:32 AM,613,,1,,,,,,
09/25/23 8:37:46 AM,614,,1,,,,,,
09/25/23 8:40:31 AM,615,,1,,,,,,
09/25/23 8:45:50 AM,616,,1,,,,,,
09/25/23 9:09:03 AM,617,,1,,,,,,
09/25/23 9:14:54 AM,618,,1,,,,,,
09/25/23 9:16:34 AM,619,,1,,,,,,
09/25/23 9:17:55 AM,620,,1,,,,,,
09/25/23 9:21:03 AM,621,,1,,,,,,
09/25/23 9:24:32 AM,622,,1,,,,,,
09/25/23 9:25:14 AM,623,,1,,,,,,
09/25/23 9:25:55 AM,624,,1,,,,,,
09/25/23 9:27:37 AM,625,,1,,,,,,
09/25/23 9:29:03 AM,626,,1,,,,,,
09/25/23 9:30:14 AM,627,,1,,,,,,
09/25/23 9:32:03 AM,628,,1,,,,,,
09/25/23 9:35:00 AM,629,,1,,,,,,
09/25/23 9:38:08 AM,630,,1,,,,,,
09/25/23 9:42:35 AM,631,,1,,,,,,
09/25/23 9:46:48 AM,632,,1,,,,,,
09/25/23 9:49:19 AM,633,,1,,,,,,
09/25/23 9:52:02 AM,634,,1,,,,,,
09/25/23 9:57:54 AM,635,,1,,,,,,
09/25/23 10:00:43 AM,636,,1,,,,,,
09/25/23 10:08:33 AM,637,,1,,,,,,
09/25/23 10:11:33 AM,638,,1,,,,,,
09/25/23 10:17:39 AM,639,,1,,,,,,
09/25/23 10:21:08 AM,640,,1,,,,,,
09/25/23 10:23:13 AM,641,,1,,,,,,
09/25/23 10:25:32 AM,642,,1,,,,,,
09/25/23 10:28:16 AM,643,,1,,,,,,
09/25/23 10:32:31 AM,644,,1,,,,,,
09/25/23 10:36:34 AM,645,,1,,,,,,
09/25/23 10:38:59 AM,646,,1,,,,,,
09/25/23 10:42:05 AM,647,,1,,,,,,
09/25/23 10:44:56 AM,648,,1,,,,,,
09/25/23 10:50:08 AM,649,,1,,,,,,
09/25/23 10:52:26 AM,650,,1,,,,,,
09/25/23 10:56:05 AM,651,,1,,,,,,
09/25/23 10:58:38 AM,652,,1,,,,,,
09/25/23 11:01:21 AM,653,,1,,,,,,
09/25/23 11:02:58 AM,654,,1,,,,,,
09/25/23 11:06:35 AM,655,,1,,,,,,
09/25/23 11:10:34 AM,656,,1,,,,,,
09/25/23 11:15:50 AM,657,,1,,,,,,
09/25/23 11:21:23 AM,658,,1,,,,,,
09/25/23 11:28:41 AM,659,,1,,,,,,
09/25/23 11:33:44 AM,660,,1,,,,,,
09/25/23 11:41:04 AM,661,,1,,,,,,
09/25/23 11:47:13 AM,662,,1,,,,,,
09/25/23 11:59:36 AM,663,,1,,,,,,
09/25/23 12:09:29 PM,664,,1,,,,,,
09/25/23 12:14:48 PM,665,,1,,,,,,
09/25/23 12:32:29 PM,666,,1,,,,,,
09/25/23 12:43:21 PM,667,,1,,,,,,
09/25/23 12:51:38 PM,668,,1,,,,,,
09/25/23 12:56:54 PM,669,,1,,,,,,
09/25/23 1:00:24 PM,670,,1,,,,,,
09/25/23 1:06:55 PM,671,,1,,,,,,
09/25/23 1:12:41 PM,672,,1,,,,,,
09/25/23 1:18:19 PM,673,,1,,,,,,
09/25/23 1:22:31 PM,674,,1,,,,,,
09/25/23 1:24:47 PM,675,,1,,,,,,
09/25/23 1:27:06 PM,676,,1,,,,,,
09/25/23 1:32:15 PM,677,,1,,,,,,
09/25/23 1:35:31 PM,678,,1,,,,,,
09/25/23 1:39:01 PM,679,,1,,,,,,
09/25/23 1:42:25 PM,680,,1,,,,,,
09/25/23 1:55:38 PM,681,,1,,,,,,
09/25/23 3:24:48 PM,682,End of 24 hr period,1,,,,,,
09/25/23 3:35:32 PM,683,NEW 24 hr period,1,81,16.2,,,,
09/25/23 4:05:06 PM,684,,1,,,,,,
09/25/23 4:24:56 PM,685,,1,,,,,,
09/25/23 4:32:05 PM,686,,1,,,,,,
09/25/23 5:00:58 PM,687,,1,,,,,,
09/25/23 5:02:31 PM,688,,1,,,,,,
09/25/23 5:07:46 PM,689,,1,,,,,,
09/25/23 5:10:08 PM,690,,1,,,,,,
09/25/23 5:11:57 PM,691,,1,,,,,,
09/25/23 5:13:26 PM,692,,1,,,,,,
09/25/23 5:20:05 PM,693,,1,,,,,,
09/25/23 5:20:56 PM,694,,1,,,,,,
09/25/23 5:22:12 PM,695,,1,,,,,,
09/25/23 5:26:10 PM,696,,1,,,,,,
09/25/23 5:30:22 PM,697,,1,,,,,,
09/25/23 7:22:05 PM,698,,1,,,,,,
09/25/23 8:31:12 PM,699,,1,,,,,,
09/25/23 8:37:27 PM,700,,1,,,,,,
09/25/23 8:45:05 PM,701,,1,,,,,,
09/25/23 10:40:13 PM,702,,1,,,,,,
09/25/23 11:48:06 PM,703,,1,,,,,,
09/25/23 11:50:12 PM,704,,1,,,,,,
09/25/23 11:50:34 PM,705,,1,,,,,,
09/25/23 11:51:01 PM,706,,1,,,,,,
09/25/23 11:55:15 PM,707,,1,,,,,,
09/26/23 12:53:32 AM,708,,1,,,,,,
09/26/23 12:54:07 AM,709,,1,,,,,,
09/26/23 12:55:42 AM,710,,1,,,,,,
09/26/23 12:56:45 AM,711,,1,,,,,,
09/26/23 12:57:28 AM,712,,1,,,,,,
09/26/23 1:01:50 AM,713,,1,,,,,,
09/26/23 1:28:11 AM,714,,1,,,,,,
09/26/23 1:32:08 AM,715,,1,,,,,,
09/26/23 4:39:47 AM,716,,1,,,,,,
09/26/23 6:30:27 AM,717,,1,,,,,,
09/26/23 9:17:09 AM,718,,1,,,,,,
09/26/23 9:20:44 AM,719,,1,,,,,,
09/26/23 9:32:59 AM,720,,1,,,,,,
09/26/23 9:46:01 AM,721,,1,,,,,,
09/26/23 10:00:34 AM,722,,1,,,,,,
09/26/23 10:04:32 AM,723,,1,,,,,,
09/26/23 10:07:06 AM,724,,1,,,,,,
09/26/23 10:08:11 AM,725,,1,,,,,,
09/26/23 10:09:31 AM,726,,1,,,,,,
09/26/23 10:11:17 AM,727,,1,,,,,,
09/26/23 10:14:04 AM,728,,1,,,,,,
09/26/23 10:20:11 AM,729,,1,,,,,,
09/26/23 10:24:20 AM,730,,1,,,,,,
09/26/23 10:31:42 AM,731,,1,,,,,,
09/26/23 10:44:12 AM,732,,1,,,,,,
09/26/23 10:54:40 AM,733,,1,,,,,,
09/26/23 10:57:58 AM,734,,1,,,,,,
09/26/23 11:02:52 AM,735,,1,,,,,,
09/26/23 11:41:41 AM,736,,1,,,,,,
09/26/23 11:47:28 AM,737,,1,,,,,,
09/26/23 11:48:01 AM,738,,1,,,,,,
09/26/23 11:49:27 AM,739,,1,,,,,,
09/26/23 12:19:17 PM,740,,1,,,,,,
09/26/23 12:30:59 PM,741,,1,,,,,,
09/26/23 12:42:23 PM,742,,1,,,,,,
09/26/23 1:08:12 PM,743,,1,,,,,,
09/26/23 1:14:46 PM,744,,1,,,,,,
09/26/23 1:17:11 PM,745,,1,,,,,,
09/26/23 1:18:44 PM,746,,1,,,,,,
09/26/23 1:20:21 PM,747,,1,,,,,,
09/26/23 1:22:09 PM,748,,1,,,,,,
09/26/23 1:24:26 PM,749,,1,,,,,,
09/26/23 1:27:19 PM,750,,1,,,,,,
09/26/23 1:29:16 PM,751,,1,,,,,,
09/26/23 1:30:48 PM,752,,1,,,,,,
09/26/23 1:33:00 PM,753,,1,,,,,,
09/26/23 1:35:19 PM,754,,1,,,,,,
09/26/23 1:39:00 PM,755,,1,,,,,,
09/26/23 1:50:43 PM,756,,1,,,,,,
09/26/23 1:58:25 PM,757,,1,,,,,,
09/26/23 2:02:42 PM,758,,1,,,,,,
09/26/23 2:08:37 PM,759,,1,,,,,,
09/26/23 2:14:12 PM,760,,1,,,,,,
09/26/23 2:21:46 PM,761,,1,,,,,,
09/26/23 2:38:10 PM,762,,1,,,,,,
09/26/23 2:41:25 PM,763,End of 24 hr period,1,,,,,,
09/26/23 3:57:42 PM,764,NEW 24 hr period,1,75,15,,,,
09/26/23 4:01:36 PM,765,,1,,,,,,
09/26/23 4:35:23 PM,766,,1,,,,,,
09/26/23 4:36:02 PM,767,,1,,,,,,
09/26/23 4:36:03 PM,768,,1,,,,,,
09/26/23 4:36:43 PM,769,,1,,,,,,
09/26/23 4:39:45 PM,770,,1,,,,,,
09/26/23 4:50:23 PM,771,,1,,,,,,
09/26/23 5:05:27 PM,772,,1,,,,,,
09/26/23 5:09:18 PM,773,,1,,,,,,
09/26/23 5:16:02 PM,774,,1,,,,,,
09/26/23 5:20:51 PM,775,,1,,,,,,
09/26/23 5:23:18 PM,776,,1,,,,,,
09/26/23 5:29:23 PM,777,,1,,,,,,
09/26/23 5:33:03 PM,778,,1,,,,,,
09/26/23 5:38:57 PM,779,,1,,,,,,
09/26/23 5:42:15 PM,780,,1,,,,,,
09/26/23 11:20:34 PM,781,,1,,,,,,
09/26/23 11:46:11 PM,782,,1,,,,,,
09/26/23 11:57:55 PM,783,,1,,,,,,
09/27/23 12:09:09 AM,784,,1,,,,,,
09/27/23 12:15:28 AM,785,,1,,,,,,
09/27/23 12:20:32 AM,786,,1,,,,,,
09/27/23 12:24:12 AM,787,,1,,,,,,
09/27/23 12:29:25 AM,788,,1,,,,,,
09/27/23 12:33:49 AM,789,,1,,,,,,
09/27/23 12:37:13 AM,790,,1,,,,,,
09/27/23 12:39:20 AM,791,,1,,,,,,
09/27/23 12:42:26 AM,792,,1,,,,,,
09/27/23 12:45:44 AM,793,,1,,,,,,
09/27/23 12:49:49 AM,794,,1,,,,,,
09/27/23 12:52:37 AM,795,,1,,,,,,
09/27/23 12:55:46 AM,796,,1,,,,,,
09/27/23 12:59:14 AM,797,,1,,,,,,
09/27/23 1:04:27 AM,798,,1,,,,,,
09/27/23 1:09:19 AM,799,,1,,,,,,
09/27/23 1:13:43 AM,800,,1,,,,,,
09/27/23 1:19:02 AM,801,,1,,,,,,
09/27/23 1:25:04 AM,802,,1,,,,,,
09/27/23 1:30:21 AM,803,,1,,,,,,
09/27/23 1:33:49 AM,804,,1,,,,,,
09/27/23 1:37:00 AM,805,,1,,,,,,
09/27/23 1:42:04 AM,806,,1,,,,,,
09/27/23 1:46:03 AM,807,,1,,,,,,
09/27/23 1:49:05 AM,808,,1,,,,,,
09/27/23 1:51:54 AM,809,,1,,,,,,
09/27/23 1:57:04 AM,810,,1,,,,,,
09/27/23 2:01:11 AM,811,,1,,,,,,
09/27/23 2:06:33 AM,812,,1,,,,,,
09/27/23 2:11:08 AM,813,,1,,,,,,
09/27/23 2:26:06 AM,814,,1,,,,,,
09/27/23 2:34:55 AM,815,,1,,,,,,
09/27/23 2:58:03 AM,816,,1,,,,,,
09/27/23 3:34:52 AM,817,,1,,,,,,
09/27/23 4:00:13 AM,818,,1,,,,,,
09/27/23 4:12:49 AM,819,,1,,,,,,
09/27/23 5:06:01 AM,820,,1,,,,,,
09/27/23 5:34:11 AM,821,,1,,,,,,
09/27/23 8:51:01 AM,822,,1,,,,,,
09/27/23 9:11:43 AM,823,,1,,,,,,
09/27/23 10:12:14 AM,824,,1,,,,,,
09/27/23 12:32:48 PM,825,,1,,,,,,
09/27/23 12:44:06 PM,826,,1,,,,,,
09/27/23 12:46:44 PM,827,,1,,,,,,
09/27/23 12:48:25 PM,828,,1,,,,,,
09/27/23 12:50:16 PM,829,,1,,,,,,
09/27/23 12:55:21 PM,830,,1,,,,,,
09/27/23 1:44:03 PM,831,,1,,,,,,
09/27/23 2:41:29 PM,832,,1,,,,,,
09/27/23 2:43:14 PM,833,,1,,,,,,
09/27/23 2:46:00 PM,834,,1,,,,,,
09/27/23 2:48:37 PM,835,,1,,,,,,
09/27/23 2:53:57 PM,836,,1,,,,,,
09/27/23 3:01:21 PM,837,,1,,,,,,
09/27/23 3:15:43 PM,838,End of 24 hr period,1,,,,,,
09/27/23 4:37:31 PM,839,NEW 24 hr period,1,53,10.6,,,,
09/27/23 4:45:35 PM,840,,1,,,,,,
09/27/23 4:49:29 PM,841,,1,,,,,,
09/27/23 4:53:16 PM,842,,1,,,,,,
09/27/23 7:16:51 PM,843,,1,,,,,,
09/27/23 10:08:11 PM,844,,1,,,,,,
09/27/23 10:30:16 PM,845,,1,,,,,,
09/27/23 10:56:49 PM,846,,1,,,,,,
09/27/23 11:03:55 PM,847,,1,,,,,,
09/27/23 11:08:50 PM,848,,1,,,,,,
09/27/23 11:11:45 PM,849,,1,,,,,,
09/27/23 11:16:58 PM,850,,1,,,,,,
09/27/23 11:26:43 PM,851,,1,,,,,,
09/27/23 11:49:10 PM,852,,1,,,,,,
09/28/23 12:55:52 AM,853,,1,,,,,,
09/28/23 1:05:29 AM,854,,1,,,,,,
09/28/23 1:09:08 AM,855,,1,,,,,,
09/28/23 1:13:09 AM,856,,1,,,,,,
09/28/23 1:17:06 AM,857,,1,,,,,,
09/28/23 1:19:06 AM,858,,1,,,,,,
09/28/23 1:20:25 AM,859,,1,,,,,,
09/28/23 1:23:03 AM,860,,1,,,,,,
09/28/23 1:28:00 AM,861,,1,,,,,,
09/28/23 1:31:02 AM,862,,1,,,,,,
09/28/23 1:33:33 AM,863,,1,,,,,,
09/28/23 1:36:35 AM,864,,1,,,,,,
09/28/23 1:38:12 AM,865,,1,,,,,,
09/28/23 1:42:39 AM,866,,1,,,,,,
09/28/23 1:44:40 AM,867,,1,,,,,,
09/28/23 1:46:56 AM,868,,1,,,,,,
09/28/23 1:48:58 AM,869,,1,,,,,,
09/28/23 1:50:31 AM,870,,1,,,,,,
09/28/23 1:52:05 AM,871,,1,,,,,,
09/28/23 1:56:04 AM,872,,1,,,,,,
09/28/23 2:06:37 AM,873,,1,,,,,,
09/28/23 2:08:32 AM,874,,1,,,,,,
09/28/23 2:10:18 AM,875,,1,,,,,,
09/28/23 2:12:20 AM,876,,1,,,,,,
09/28/23 2:14:28 AM,877,,1,,,,,,
09/28/23 2:18:21 AM,878,,1,,,,,,
09/28/23 2:21:52 AM,879,,1,,,,,,
09/28/23 2:25:11 AM,880,,1,,,,,,
09/28/23 2:29:31 AM,881,,1,,,,,,
09/28/23 2:42:45 AM,882,,1,,,,,,
09/28/23 2:45:35 AM,883,,1,,,,,,
09/28/23 3:13:23 AM,884,,1,,,,,,
09/28/23 3:24:22 AM,885,,1,,,,,,
09/28/23 4:01:00 AM,886,,1,,,,,,
09/28/23 4:46:58 AM,887,,1,,,,,,
09/28/23 5:41:28 AM,888,,1,,,,,,
09/28/23 5:41:29 AM,889,,1,,,,,,
09/28/23 5:45:27 AM,890,,1,,,,,,
09/28/23 1:14:58 PM,891,End of 24 hr period,1,,,,,,
10/02/23 7:57:00 AM,892,NEW 24 hr period,1,63,12.6,12.6mm,15.25 hrs,"15 hours, 13 minutes and 56 seconds",0.83mm/hr
10/02/23 8:20:29 AM,893,,1,,,,,,
10/02/23 9:05:42 AM,894,,1,,,,,,
10/02/23 11:06:20 AM,895,,1,,,,,,
10/02/23 11:08:36 AM,896,,1,,,,,,
10/02/23 11:13:03 AM,897,,1,,,,,,
10/02/23 11:18:24 AM,898,,1,,,,,,
10/02/23 11:33:34 AM,899,,1,,,,,,
10/02/23 11:36:29 AM,900,,1,,,,,,
10/02/23 11:37:52 AM,901,,1,,,,,,
10/02/23 11:45:44 AM,902,,1,,,,,,
10/02/23 12:07:13 PM,903,,1,,,,,,
10/02/23 12:11:33 PM,904,,1,,,,,,
10/02/23 12:32:38 PM,905,,1,,,,,,
10/02/23 12:39:55 PM,906,,1,,,,,,
10/02/23 12:53:55 PM,907,,1,,,,,,
10/02/23 1:04:27 PM,908,,1,,,,,,
10/02/23 1:18:28 PM,909,,1,,,,,,
10/02/23 1:24:35 PM,910,,1,,,,,,
10/02/23 1:34:19 PM,911,,1,,,,,,
10/02/23 1:40:38 PM,912,,1,,,,,,
10/02/23 1:47:04 PM,913,,1,,,,,,
10/02/23 1:52:08 PM,914,,1,,,,,,
10/02/23 1:58:15 PM,915,,1,,,,,,
10/02/23 2:02:00 PM,916,,1,,,,,,
10/02/23 2:06:05 PM,917,,1,,,,,,
10/02/23 2:09:38 PM,918,,1,,,,,,
10/02/23 2:15:43 PM,919,,1,,,,,,
10/02/23 2:19:41 PM,920,,1,,,,,,
10/02/23 2:26:07 PM,921,,1,,,,,,
10/02/23 2:31:14 PM,922,,1,,,,,,
10/02/23 2:39:59 PM,923,,1,,,,,,
10/02/23 2:45:39 PM,924,,1,,,,,,
10/02/23 2:55:08 PM,925,,1,,,,,,
10/02/23 3:01:42 PM,926,,1,,,,,,
10/02/23 3:07:45 PM,927,,1,,,,,,
10/02/23 3:11:53 PM,928,,1,,,,,,
10/02/23 3:17:17 PM,929,,1,,,,,,
10/02/23 3:22:40 PM,930,,1,,,,,,
10/02/23 3:33:34 PM,931,,1,,,,,,
10/02/23 3:38:51 PM,932,,1,,,,,,
10/02/23 3:46:00 PM,933,,1,,,,,,
10/02/23 3:53:00 PM,934,,1,,,,,,
10/02/23 4:06:43 PM,935,,1,,,,,,
10/02/23 4:14:21 PM,936,,1,,,,,,
10/02/23 4:23:39 PM,937,,1,,,,,,
10/02/23 4:27:55 PM,938,,1,,,,,,
10/02/23 4:33:51 PM,939,,1,,,,,,
10/02/23 4:39:13 PM,940,,1,,,,,,
10/02/23 4:47:51 PM,941,,1,,,,,,
10/02/23 4:57:47 PM,942,,1,,,,,,
10/02/23 5:09:10 PM,943,,1,,,,,,
10/02/23 5:17:52 PM,944,,1,,,,,,
10/02/23 5:27:58 PM,945,,1,,,,,,
10/02/23 5:41:52 PM,946,,1,,,,,,
10/02/23 5:57:51 PM,947,,1,,,,,,
10/02/23 6:08:47 PM,948,,1,,,,,,
10/02/23 6:18:33 PM,949,,1,,,,,,
10/02/23 6:25:46 PM,950,,1,,,,,,
10/02/23 6:39:57 PM,951,,1,,,,,,
10/02/23 7:18:28 PM,952,,1,,,,,,
10/02/23 7:58:58 PM,953,,1,,,,,,
10/02/23 11:10:56 PM,954,End of 24 hr period,1,,,,,,
10/03/23 8:59:57 AM,955,End/ NEW 24 hr per,1,1,0.2,0.2mm,<1hr,TRACE PRECIP,
10/09/23 5:37:29 AM,956,NEW 24 hr period,1,141,28.2,51.2mm,50 hrs,"2 days, 1 hour, 51 minutes and 5 seconds",1mm/hr
10/09/23 5:49:20 AM,957,,1,,,,,,
10/09/23 6:01:33 AM,958,,1,,,,,,
10/09/23 6:19:37 AM,959,,1,,,,,,
10/09/23 6:24:56 AM,960,,1,,,,,,
10/09/23 6:28:10 AM,961,,1,,,,,,
10/09/23 6:30:09 AM,962,,1,,,,,,
10/09/23 6:32:42 AM,963,,1,,,,,,
10/09/23 6:35:04 AM,964,,1,,,,,,
10/09/23 6:37:34 AM,965,,1,,,,,,
10/09/23 6:40:19 AM,966,,1,,,,,,
10/09/23 6:44:59 AM,967,,1,,,,,,
10/09/23 6:50:43 AM,968,,1,,,,,,
10/09/23 7:01:15 AM,969,,1,,,,,,
10/09/23 7:18:31 AM,970,,1,,,,,,
10/09/23 7:44:14 AM,971,,1,,,,,,
10/09/23 7:47:54 AM,972,,1,,,,,,
10/09/23 7:51:13 AM,973,,1,,,,,,
10/09/23 7:55:27 AM,974,,1,,,,,,
10/09/23 8:00:27 AM,975,,1,,,,,,
10/09/23 8:04:23 AM,976,,1,,,,,,
10/09/23 8:20:08 AM,977,,1,,,,,,
10/09/23 8:21:21 AM,978,,1,,,,,,
10/09/23 8:22:28 AM,979,,1,,,,,,
10/09/23 8:22:29 AM,980,,1,,,,,,
10/09/23 8:23:06 AM,981,,1,,,,,,
10/09/23 8:23:52 AM,982,,1,,,,,,
10/09/23 8:25:09 AM,983,,1,,,,,,
10/09/23 8:28:01 AM,984,,1,,,,,,
10/09/23 8:30:58 AM,985,,1,,,,,,
10/09/23 8:33:54 AM,986,,1,,,,,,
10/09/23 8:38:18 AM,987,,1,,,,,,
10/09/23 8:41:51 AM,988,,1,,,,,,
10/09/23 8:45:29 AM,989,,1,,,,,,
10/09/23 8:47:19 AM,990,,1,,,,,,
10/09/23 8:51:06 AM,991,,1,,,,,,
10/09/23 8:55:40 AM,992,,1,,,,,,
10/09/23 8:55:41 AM,993,,1,,,,,,
10/09/23 8:59:10 AM,994,,1,,,,,,
10/09/23 9:01:12 AM,995,,1,,,,,,
10/09/23 9:03:19 AM,996,,1,,,,,,
10/09/23 9:06:28 AM,997,,1,,,,,,
10/09/23 9:06:29 AM,998,,1,,,,,,
10/09/23 9:10:49 AM,999,,1,,,,,,
10/09/23 9:15:29 AM,1000,,1,,,,,,
10/09/23 9:18:31 AM,1001,,1,,,,,,
10/09/23 9:20:51 AM,1002,,1,,,,,,
10/09/23 9:23:11 AM,1003,,1,,,,,,
10/09/23 9:26:49 AM,1004,,1,,,,,,
10/09/23 9:30:46 AM,1005,,1,,,,,,
10/09/23 9:33:57 AM,1006,,1,,,,,,
10/09/23 9:36:26 AM,1007,,1,,,,,,
10/09/23 9:39:19 AM,1008,,1,,,,,,
10/09/23 9:42:56 AM,1009,,1,,,,,,
10/09/23 9:46:49 AM,1010,,1,,,,,,
10/09/23 9:48:50 AM,1011,,1,,,,,,
10/09/23 9:53:29 AM,1012,,1,,,,,,
10/09/23 9:55:59 AM,1013,,1,,,,,,
10/09/23 9:58:02 AM,1014,,1,,,,,,
10/09/23 9:59:17 AM,1015,,1,,,,,,
10/09/23 10:00:22 AM,1016,,1,,,,,,
10/09/23 10:02:38 AM,1017,,1,,,,,,
10/09/23 10:05:57 AM,1018,,1,,,,,,
10/09/23 10:09:25 AM,1019,,1,,,,,,
10/09/23 10:11:38 AM,1020,,1,,,,,,
10/09/23 10:14:40 AM,1021,,1,,,,,,
10/09/23 10:17:54 AM,1022,,1,,,,,,
10/09/23 10:20:59 AM,1023,,1,,,,,,
10/09/23 10:23:40 AM,1024,,1,,,,,,
10/09/23 10:26:30 AM,1025,,1,,,,,,
10/09/23 10:29:06 AM,1026,,1,,,,,,
10/09/23 10:29:07 AM,1027,,1,,,,,,
10/09/23 10:31:23 AM,1028,,1,,,,,,
10/09/23 10:35:03 AM,1029,,1,,,,,,
10/09/23 10:37:32 AM,1030,,1,,,,,,
10/09/23 10:39:38 AM,1031,,1,,,,,,
10/09/23 10:42:33 AM,1032,,1,,,,,,
10/09/23 10:44:52 AM,1033,,1,,,,,,
10/09/23 10:48:20 AM,1034,,1,,,,,,
10/09/23 10:51:56 AM,1035,,1,,,,,,
10/09/23 10:55:56 AM,1036,,1,,,,,,
10/09/23 11:03:52 AM,1037,,1,,,,,,
10/09/23 11:19:42 AM,1038,,1,,,,,,
10/09/23 11:36:07 AM,1039,,1,,,,,,
10/09/23 11:40:45 AM,1040,,1,,,,,,
10/09/23 11:45:45 AM,1041,,1,,,,,,
10/09/23 12:11:43 PM,1042,,1,,,,,,
10/09/23 12:29:00 PM,1043,,1,,,,,,
10/09/23 12:37:50 PM,1044,,1,,,,,,
10/09/23 12:48:35 PM,1045,,1,,,,,,
10/09/23 12:48:36 PM,1046,,1,,,,,,
10/09/23 1:01:09 PM,1047,,1,,,,,,
10/09/23 1:08:38 PM,1048,,1,,,,,,
10/09/23 1:16:22 PM,1049,,1,,,,,,
10/09/23 1:26:33 PM,1050,,1,,,,,,
10/09/23 1:32:04 PM,1051,,1,,,,,,
10/09/23 1:39:34 PM,1052,,1,,,,,,
10/09/23 1:46:51 PM,1053,,1,,,,,,
10/09/23 1:57:51 PM,1054,,1,,,,,,
10/09/23 2:07:01 PM,1055,,1,,,,,,
10/09/23 2:11:54 PM,1056,,1,,,,,,
10/09/23 2:17:48 PM,1057,,1,,,,,,
10/09/23 2:23:57 PM,1058,,1,,,,,,
10/09/23 2:32:01 PM,1059,,1,,,,,,
10/09/23 2:41:15 PM,1060,,1,,,,,,
10/09/23 2:41:16 PM,1061,,1,,,,,,
10/09/23 2:49:51 PM,1062,,1,,,,,,
10/09/23 2:58:12 PM,1063,,1,,,,,,
10/09/23 3:04:01 PM,1064,,1,,,,,,
10/09/23 3:09:39 PM,1065,,1,,,,,,
10/09/23 3:13:47 PM,1066,,1,,,,,,
10/09/23 3:16:28 PM,1067,,1,,,,,,
10/09/23 3:18:58 PM,1068,,1,,,,,,
10/09/23 3:21:13 PM,1069,,1,,,,,,
10/09/23 3:23:29 PM,1070,,1,,,,,,
10/09/23 3:27:56 PM,1071,,1,,,,,,
10/09/23 3:33:30 PM,1072,,1,,,,,,
10/09/23 3:51:34 PM,1073,,1,,,,,,
10/09/23 9:23:00 PM,1074,,1,,,,,,
10/09/23 9:25:11 PM,1075,,1,,,,,,
10/09/23 9:26:34 PM,1076,,1,,,,,,
10/09/23 9:36:56 PM,1077,,1,,,,,,
10/09/23 10:18:26 PM,1078,,1,,,,,,
10/09/23 10:59:58 PM,1079,,1,,,,,,
10/09/23 11:02:20 PM,1080,,1,,,,,,
10/09/23 11:06:01 PM,1081,,1,,,,,,
10/09/23 11:52:47 PM,1082,,1,,,,,,
10/09/23 11:57:11 PM,1083,,1,,,,,,
10/10/23 12:26:34 AM,1084,,1,,,,,,
10/10/23 12:41:32 AM,1085,,1,,,,,,
10/10/23 12:46:41 AM,1086,,1,,,,,,
10/10/23 1:26:10 AM,1087,,1,,,,,,
10/10/23 1:47:59 AM,1088,,1,,,,,,
10/10/23 3:41:41 AM,1089,,1,,,,,,
10/10/23 3:54:01 AM,1090,,1,,,,,,
10/10/23 4:03:57 AM,1091,,1,,,,,,
10/10/23 4:10:54 AM,1092,,1,,,,,,
10/10/23 4:22:18 AM,1093,,1,,,,,,
10/10/23 4:36:15 AM,1094,,1,,,,,,
10/10/23 4:56:43 AM,1095,,1,,,,,,
10/10/23 5:08:33 AM,1096,End of 24 hr period,1,,,,,,
10/10/23 5:33:36 AM,1097,NEW 24 hr period,1,113,22.6,,,,
10/10/23 5:55:10 AM,1098,,1,,,,,,
10/10/23 6:07:59 AM,1099,,1,,,,,,
10/10/23 6:18:31 AM,1100,,1,,,,,,
10/10/23 6:35:09 AM,1101,,1,,,,,,
10/10/23 6:48:36 AM,1102,,1,,,,,,
10/10/23 7:00:31 AM,1103,,1,,,,,,
10/10/23 7:09:03 AM,1104,,1,,,,,,
10/10/23 7:16:25 AM,1105,,1,,,,,,
10/10/23 7:21:48 AM,1106,,1,,,,,,
10/10/23 7:26:28 AM,1107,,1,,,,,,
10/10/23 7:30:12 AM,1108,,1,,,,,,
10/10/23 7:34:58 AM,1109,,1,,,,,,
10/10/23 7:37:31 AM,1110,,1,,,,,,
10/10/23 7:40:57 AM,1111,,1,,,,,,
10/10/23 7:44:03 AM,1112,,1,,,,,,
10/10/23 7:47:39 AM,1113,,1,,,,,,
10/10/23 7:51:13 AM,1114,,1,,,,,,
10/10/23 7:56:12 AM,1115,,1,,,,,,
10/10/23 8:00:24 AM,1116,,1,,,,,,
10/10/23 8:05:51 AM,1117,,1,,,,,,
10/10/23 8:11:43 AM,1118,,1,,,,,,
10/10/23 8:17:57 AM,1119,,1,,,,,,
10/10/23 8:21:56 AM,1120,,1,,,,,,
10/10/23 8:26:31 AM,1121,,1,,,,,,
10/10/23 8:32:06 AM,1122,,1,,,,,,
10/10/23 8:37:11 AM,1123,,1,,,,,,
10/10/23 8:41:22 AM,1124,,1,,,,,,
10/10/23 8:46:13 AM,1125,,1,,,,,,
10/10/23 8:46:14 AM,1126,,1,,,,,,
10/10/23 8:49:31 AM,1127,,1,,,,,,
10/10/23 8:55:00 AM,1128,,1,,,,,,
10/10/23 9:01:03 AM,1129,,1,,,,,,
10/10/23 9:06:15 AM,1130,,1,,,,,,
10/10/23 9:11:35 AM,1131,,1,,,,,,
10/10/23 9:28:20 AM,1132,,1,,,,,,
10/10/23 10:07:34 AM,1133,,1,,,,,,
10/10/23 10:24:22 AM,1134,,1,,,,,,
10/10/23 10:27:51 AM,1135,,1,,,,,,
10/10/23 10:32:17 AM,1136,,1,,,,,,
10/10/23 10:35:11 AM,1137,,1,,,,,,
10/10/23 10:37:58 AM,1138,,1,,,,,,
10/10/23 10:41:04 AM,1139,,1,,,,,,
10/10/23 10:52:59 AM,1140,,1,,,,,,
10/10/23 11:30:25 AM,1141,,1,,,,,,
10/10/23 2:29:17 PM,1142,,1,,,,,,
10/10/23 3:01:24 PM,1143,,1,,,,,,
10/10/23 3:03:56 PM,1144,,1,,,,,,
10/10/23 3:07:05 PM,1145,,1,,,,,,
10/10/23 3:09:28 PM,1146,,1,,,,,,
10/10/23 3:10:46 PM,1147,,1,,,,,,
10/10/23 3:13:20 PM,1148,,1,,,,,,
10/10/23 3:16:43 PM,1149,,1,,,,,,
10/10/23 3:18:59 PM,1150,,1,,,,,,
10/10/23 3:20:33 PM,1151,,1,,,,,,
10/10/23 3:22:19 PM,1152,,1,,,,,,
10/10/23 3:24:29 PM,1153,,1,,,,,,
10/10/23 3:28:52 PM,1154,,1,,,,,,
10/10/23 3:32:47 PM,1155,,1,,,,,,
10/10/23 3:51:13 PM,1156,,1,,,,,,
10/10/23 3:52:21 PM,1157,,1,,,,,,
10/10/23 3:55:17 PM,1158,,1,,,,,,
10/10/23 3:58:38 PM,1159,,1,,,,,,
10/10/23 4:04:08 PM,1160,,1,,,,,,
10/10/23 4:11:35 PM,1161,,1,,,,,,
10/10/23 4:16:55 PM,1162,,1,,,,,,
10/10/23 4:39:40 PM,1163,,1,,,,,,
10/10/23 4:59:17 PM,1164,,1,,,,,,
10/10/23 5:02:15 PM,1165,,1,,,,,,
10/10/23 5:07:58 PM,1166,,1,,,,,,
10/10/23 5:12:38 PM,1167,,1,,,,,,
10/10/23 5:15:25 PM,1168,,1,,,,,,
10/10/23 5:17:15 PM,1169,,1,,,,,,
10/10/23 5:21:39 PM,1170,,1,,,,,,
10/10/23 5:21:40 PM,1171,,1,,,,,,
10/10/23 5:37:16 PM,1172,,1,,,,,,
10/10/23 5:43:35 PM,1173,,1,,,,,,
10/10/23 5:47:51 PM,1174,,1,,,,,,
10/10/23 5:51:39 PM,1175,,1,,,,,,
10/10/23 5:55:41 PM,1176,,1,,,,,,
10/10/23 6:02:43 PM,1177,,1,,,,,,
10/10/23 6:35:05 PM,1178,,1,,,,,,
10/10/23 6:41:03 PM,1179,,1,,,,,,
10/10/23 6:51:30 PM,1180,,1,,,,,,
10/10/23 6:56:13 PM,1181,,1,,,,,,
10/10/23 7:00:59 PM,1182,,1,,,,,,
10/10/23 7:14:35 PM,1183,,1,,,,,,
10/10/23 7:16:24 PM,1184,,1,,,,,,
10/10/23 7:19:34 PM,1185,,1,,,,,,
10/10/23 7:31:41 PM,1186,,1,,,,,,
10/10/23 7:44:46 PM,1187,,1,,,,,,
10/10/23 8:09:47 PM,1188,,1,,,,,,
10/10/23 8:18:51 PM,1189,,1,,,,,,
10/10/23 8:40:57 PM,1190,,1,,,,,,
10/10/23 8:44:44 PM,1191,,1,,,,,,
10/10/23 9:13:40 PM,1192,,1,,,,,,
10/10/23 9:39:08 PM,1193,,1,,,,,,
10/10/23 10:38:58 PM,1194,,1,,,,,,
10/10/23 10:46:55 PM,1195,,1,,,,,,
10/10/23 10:46:56 PM,1196,,1,,,,,,
10/10/23 10:48:11 PM,1197,,1,,,,,,
10/10/23 10:50:45 PM,1198,,1,,,,,,
10/11/23 1:18:05 AM,1199,,1,,,,,,
10/11/23 1:34:35 AM,1200,,1,,,,,,
10/11/23 1:42:21 AM,1201,,1,,,,,,
10/11/23 1:56:04 AM,1202,,1,,,,,,
10/11/23 1:56:05 AM,1203,,1,,,,,,
10/11/23 2:06:34 AM,1204,,1,,,,,,
10/11/23 2:10:52 AM,1205,,1,,,,,,
10/11/23 2:13:29 AM,1206,,1,,,,,,
10/11/23 2:20:17 AM,1207,,1,,,,,,
10/11/23 2:41:24 AM,1208,,1,,,,,,
10/11/23 3:54:33 AM,1209,End of 24 hr period,1,,,,,,
10/11/23 5:43:56 AM,1210,NEW 24 hr period,1,2,0.4,,,,
10/11/23 7:28:34 AM,1211,End of 24 hr period,1,,,,,,
10/13/23 6:17:46 PM,1212,NEW 24 hr period,1,NOTE — include this on NEXT dataset remembering disruption from offloading Oct 14th,,,,,
10/13/23 6:30:49 PM,1213,,1,,,,,,
10/13/23 6:37:54 PM,1214,,1,,,,,,
10/13/23 6:45:25 PM,1215,,1,,,,,,
10/13/23 6:56:59 PM,1216,,1,,,,,,
10/13/23 7:08:38 PM,1217,,1,,,,,,
10/13/23 7:21:01 PM,1218,,1,,,,,,
10/13/23 7:30:24 PM,1219,,1,,,,,,
10/13/23 7:35:47 PM,1220,,1,,,,,,
10/13/23 7:41:04 PM,1221,,1,,,,,,
10/13/23 7:47:25 PM,1222,,1,,,,,,
10/13/23 7:52:35 PM,1223,,1,,,,,,
10/13/23 7:57:19 PM,1224,,1,,,,,,
10/13/23 8:04:34 PM,1225,,1,,,,,,
10/13/23 8:10:30 PM,1226,,1,,,,,,
10/13/23 8:17:06 PM,1227,,1,,,,,,
10/13/23 8:21:34 PM,1228,,1,,,,,,
10/13/23 8:26:48 PM,1229,,1,,,,,,
10/13/23 8:26:49 PM,1230,,1,,,,,,
10/13/23 8:36:43 PM,1231,,1,,,,,,
10/13/23 8:53:11 PM,1232,,1,,,,,,
10/13/23 8:53:12 PM,1233,,1,,,,,,
10/13/23 9:01:04 PM,1234,,1,,,,,,
10/13/23 9:07:06 PM,1235,,1,,,,,,
10/13/23 9:11:52 PM,1236,,1,,,,,,
10/13/23 9:17:01 PM,1237,,1,,,,,,
10/13/23 9:17:02 PM,1238,,1,,,,,,
10/13/23 9:25:36 PM,1239,,1,,,,,,
10/13/23 9:43:24 PM,1240,,1,,,,,,
10/13/23 9:59:36 PM,1241,,1,,,,,,
10/13/23 10:25:15 PM,1242,,1,,,,,,
10/13/23 10:37:11 PM,1243,,1,,,,,,
10/13/23 11:14:53 PM,1244,,1,,,,,,
10/14/23 12:07:37 AM,1245,,1,,,,,,
10/14/23 12:14:59 AM,1246,,1,,,,,,
10/14/23 12:15:00 AM,1247,,1,,,,,,
10/14/23 12:38:30 AM,1248,,1,,,,,,
10/14/23 2:53:33 AM,1249,,1,,,,,,
10/14/23 6:55:22 AM,1250,,1,,,,,,
10/14/23 7:07:31 AM,1251,,1,,,,,,
10/14/23 7:11:43 AM,1252,,1,,,,,,
10/14/23 7:38:57 AM,1253,,1,,,,,,
10/14/23 7:48:20 AM,1254,,1,,,,,,
10/14/23 11:28:09 AM,1255,,1,,,,,,
10/14/23 12:54:03 PM,1256,,1,,,,,,
10/14/23 1:06:39 PM,1257,,1,,,,,,
10/14/23 2:05:22 PM,1258,,1,,,,,,
10/14/23 2:05:26 PM,1259,,1,,,,,,
10/14/23 2:05:27 PM,1260,,1,,,,,,
10/14/23 2:05:29 PM,1261,,1,,,,,,
10/14/23 2:05:31 PM,1262,,1,,,,,,
10/14/23 2:05:33 PM,1263,,1,,,,,,
10/14/23 2:05:34 PM,1264,,1,,,,,,
10/14/23 2:16:39 PM,1264,,1,,,,,,